A2V_SARADDR[*],in,70,30,0,96,4,0,Loose
A2V_SARBURST[*],in,70,30,0,89,11,0,Loose
A2V_SARCACHE[*],in,70,30,0,88,12,0,Loose
A2V_SARID[*],in,70,30,0,89,11,0,Loose
A2V_SARLEN[*],in,70,30,0,88,12,0,Loose
A2V_SARLOCK[*],in,70,30,0,87,13,0,Loose
A2V_SARPROT[*],in,70,30,0,89,11,0,Loose
A2V_SARREADY,out,0,34,66,0,20,80,Loose
A2V_SARSIZE[*],in,70,30,0,88,12,0,Loose
A2V_SARUSER[*],in,70,30,0,96,4,0,Loose
A2V_SARVALID,in,66,34,0,85,15,0,Loose
A2V_SAWADDR[*],in,70,30,0,95,5,0,Loose
A2V_SAWBURST[*],in,70,30,0,91,9,0,Loose
A2V_SAWCACHE[*],in,70,30,0,90,10,0,Loose
A2V_SAWID[*],in,70,30,0,90,10,0,Loose
A2V_SAWLEN[*],in,70,30,0,89,11,0,Loose
A2V_SAWLOCK[*],in,70,30,0,90,10,0,Loose
A2V_SAWPROT[*],in,70,30,0,88,12,0,Loose
A2V_SAWREADY,out,0,39,61,0,22,78,Loose
A2V_SAWSIZE[*],in,70,30,0,88,12,0,Loose
A2V_SAWUSER[*],in,70,30,0,95,5,0,Loose
A2V_SAWVALID,in,57,43,0,74,26,0,Loose
A2V_SBID[*],out,0,51,49,0,29,71,Loose
A2V_SBREADY,in,66,34,0,80,20,0,Loose
A2V_SBRESP[*],out,0,51,49,0,30,70,Loose
A2V_SBVALID,out,0,43,57,0,29,71,Loose
A2V_SRDATA[*],out,0,51,49,0,26,74,Loose
A2V_SRID[*],out,0,39,61,0,18,82,Loose
A2V_SRLAST,out,0,39,61,0,18,82,Loose
A2V_SRREADY,in,66,34,0,83,17,0,Loose
A2V_SRRESP[*],out,0,39,61,0,18,82,Loose
A2V_SRUSER[*],out,0,51,49,0,26,74,Loose
A2V_SRVALID,out,0,43,57,0,30,70,Loose
A2V_SWDATA[*],in,70,30,0,96,4,0,Loose
A2V_SWLAST,in,70,30,0,87,13,0,Loose
A2V_SWREADY,out,0,30,70,0,17,83,Loose
A2V_SWSTRB[*],in,70,30,0,88,12,0,Loose
A2V_SWUSER[*],in,70,30,0,95,5,0,Loose
A2V_SWVALID,in,70,30,0,89,11,0,Loose
A2V_cmperr,out,0,43,57,0,33,67,Loose
A2V_err_ded,out,0,30,70,0,19,81,Loose
A2V_err_sed,out,0,30,70,0,17,83,Loose
CFU_APB_Dvedz,in,57,43,0,71,29,0,Loose
CIVCI2AXI_UEIDErr,out,0,30,70,0,18,82,Loose
CIVCI_qrouting_err_m[*],out,0,39,61,0,23,77,Loose
CIVCI_qrouting_err_s[*],out,0,39,61,0,20,80,Loose
CIVCI_rrouting_err_s[*],out,0,39,61,0,25,75,Loose
CRAM_APB_Dvedz,in,41,59,0,62,38,0,Loose
DCUDISABLE,in,53,47,0,69,31,0,Loose
Dbintreq_rcuss_PE0,in,70,30,0,79,21,0,Loose
Dbintreq_rcuss_PE1,in,70,30,0,77,23,0,Loose
ERAMA_A[*],out,0,80,20,0,54,46,Loose
ERAMA_BWN[*],out,0,67,33,0,40,60,Loose
ERAMA_CEN[*],out,0,63,37,0,44,56,Loose
ERAMA_CKE,out,0,59,41,0,36,64,Loose
ERAMA_D[*],out,0,39,61,0,22,78,Loose
ERAMA_Q[*],in,57,43,0,64,36,0,Loose
ERAMA_RVALID,in,33,67,0,27,73,0,Tight
ERAMA_WEN,out,0,51,49,0,31,69,Loose
ERAMB_A[*],out,0,88,12,0,70,30,Loose
ERAMB_CEN[*],out,0,63,37,0,48,52,Loose
ERAMB_CKE,out,0,59,41,0,27,73,Loose
ERAMB_Q[*],in,82,18,0,76,24,0,Tight
ERAMB_RVALID,in,33,67,0,33,67,0,Tight
FLIDP_CLKEN_A,out,0,59,41,0,27,73,Loose
FLIDP_CLKEN_B,out,0,59,41,0,29,71,Loose
FLIDP_EXTRA_1SEL_A0,out,0,26,74,0,16,84,Loose
FLIDP_EXTRA_1SEL_B0,out,0,39,61,0,18,82,Loose
FLIDP_EXTRA_2SEL_A0,out,0,39,61,0,17,83,Loose
FLIDP_EXTRA_2SEL_B0,out,0,39,61,0,17,83,Loose
FLIDP_EXTRA_3SEL_A0,out,0,30,70,0,13,87,Loose
FLIDP_EXTRA_3SEL_B0,out,0,39,61,0,16,84,Loose
FLIDP_EXTRA_5SEL_A0,out,0,30,70,0,15,85,Loose
FLIDP_EXTRA_5SEL_B0,out,0,39,61,0,12,88,Loose
FLIDP_MSROMN_A0,out,0,30,70,0,12,88,Loose
FLIDP_MSROMN_B0,out,0,30,70,0,15,85,Loose
FLIDP_QAP_A[*],out,0,26,74,0,13,87,Loose
FLIDP_QAP_B[*],out,0,26,74,0,13,87,Loose
FLIDP_QDB_A[*],in,94,6,0,83,17,0,Tight
FLIDP_QDB_B[*],in,94,6,0,82,18,0,Tight
FLIDP_QEB_A[*],in,86,14,0,87,13,0,Loose
FLIDP_QEB_B[*],in,86,14,0,89,11,0,Loose
FLI_MREN,in,78,22,0,97,3,0,Loose
GRDERR_CFGCAP_DPE0,out,0,43,57,0,19,81,Loose
GRDERR_CFGCAP_DPE1,out,0,43,57,0,19,81,Loose
GRDERR_CFGCAP_IPE0,out,0,43,57,0,23,77,Loose
GRDERR_CFGCAP_IPE1,out,0,43,57,0,25,75,Loose
GRDERR_CRGCAP_CRAMH,out,0,43,57,0,26,74,Loose
GRDERR_CRGCAP_CRAML,out,0,43,57,0,16,84,Loose
GRDERR_CRGCAP_PE0,out,0,43,57,0,29,71,Loose
GRDERR_CRGCAP_PE1,out,0,43,57,0,19,81,Loose
GRDERR_MDPCAP_PE0,out,0,43,57,0,25,75,Loose
GRDERR_MDPCAP_PE1,out,0,43,57,0,26,74,Loose
GRDERR_PEGCAP_M_PE0,out,0,43,57,0,26,74,Loose
GRDERR_PEGCAP_M_PE1,out,0,43,57,0,27,73,Loose
GRDERR_PEGCAP_S_PE0,out,0,43,57,0,27,73,Loose
GRDERR_PEGCAP_S_PE1,out,0,43,57,0,25,75,Loose
IPE_APB_Dvedz,in,61,39,0,73,27,0,Loose
IPE_AXI_Dvedz,in,41,59,0,51,49,0,Loose
L2PreResId0_XBM[*],in,74,26,0,91,9,0,Loose
L2PreResId0_XBS[*],out,0,30,70,0,15,85,Loose
L2PreResId1_XBM[*],in,74,26,0,86,14,0,Loose
L2PreResId1_XBS[*],out,0,30,70,0,16,84,Loose
L2PreResVld0_XBM,in,78,22,0,88,12,0,Loose
L2PreResVld0_XBS,out,0,30,70,0,18,82,Loose
L2PreResVld1_XBM,in,78,22,0,84,16,0,Loose
L2PreResVld1_XBS,out,0,30,70,0,18,82,Loose
L2RamW0_AQ[*],in,57,43,0,74,26,0,Loose
L2RamW0_A[*],out,0,30,70,0,22,78,Loose
L2RamW0_BWN[*],out,0,43,57,0,28,72,Loose
L2RamW0_CEN,out,0,47,53,0,32,68,Loose
L2RamW0_CGE,out,0,30,70,0,20,80,Loose
L2RamW0_D[*],out,0,47,53,0,24,76,Loose
L2RamW0_Q[*],in,78,22,0,95,5,0,Loose
L2RamW0_WEN,out,0,39,61,0,29,71,Loose
L2RamW1_AQ[*],in,57,43,0,70,30,0,Loose
L2RamW1_A[*],out,0,30,70,0,19,81,Loose
L2RamW1_BWN[*],out,0,43,57,0,25,75,Loose
L2RamW1_CEN,out,0,47,53,0,36,64,Loose
L2RamW1_CGE,out,0,30,70,0,17,83,Loose
L2RamW1_D[*],out,0,47,53,0,22,78,Loose
L2RamW1_Q[*],in,78,22,0,95,5,0,Loose
L2RamW1_WEN,out,0,39,61,0,25,75,Loose
L2RamW2_AQ[*],in,57,43,0,70,30,0,Loose
L2RamW2_A[*],out,0,30,70,0,19,81,Loose
L2RamW2_BWN[*],out,0,43,57,0,28,72,Loose
L2RamW2_CEN,out,0,47,53,0,41,59,Loose
L2RamW2_CGE,out,0,30,70,0,20,80,Loose
L2RamW2_D[*],out,0,47,53,0,24,76,Loose
L2RamW2_Q[*],in,78,22,0,95,5,0,Loose
L2RamW2_WEN,out,0,39,61,0,27,73,Loose
L2RamW3_AQ[*],in,57,43,0,72,28,0,Loose
L2RamW3_A[*],out,0,30,70,0,19,81,Loose
L2RamW3_BWN[*],out,0,43,57,0,33,67,Loose
L2RamW3_CEN,out,0,47,53,0,38,62,Loose
L2RamW3_CGE,out,0,30,70,0,18,82,Loose
L2RamW3_D[*],out,0,47,53,0,22,78,Loose
L2RamW3_Q[*],in,78,22,0,95,5,0,Loose
L2RamW3_WEN,out,0,39,61,0,34,66,Loose
L2ReqAEcc0_XBM[*],out,0,30,70,0,13,87,Loose
L2ReqAEcc0_XBS[*],in,70,30,0,95,5,0,Loose
L2ReqAEcc1_XBM[*],out,0,30,70,0,14,86,Loose
L2ReqAEcc1_XBS[*],in,98,2,0,98,2,0,Tight
L2ReqAddr0_XBM[*],out,0,14,86,0,8,92,Loose
L2ReqAddr0_XBS[*],in,90,10,0,98,2,0,Loose
L2ReqAddr1_XBM[*],out,0,14,86,0,9,91,Loose
L2ReqAddr1_XBS[*],in,90,10,0,97,3,0,Loose
L2ReqBe0_XBM[*],out,0,30,70,0,14,86,Loose
L2ReqBe0_XBS[*],in,70,30,0,96,4,0,Loose
L2ReqBe1_XBM[*],out,0,30,70,0,17,83,Loose
L2ReqBe1_XBS[*],in,70,30,0,95,5,0,Loose
L2ReqCmd0_XBM[*],out,0,30,70,0,16,84,Loose
L2ReqCmd0_XBS[*],in,98,2,0,96,4,0,Tight
L2ReqCmd1_XBM[*],out,0,30,70,0,16,84,Loose
L2ReqCmd1_XBS[*],in,98,2,0,97,3,0,Tight
L2ReqDEcc0_XBM[*],out,0,26,74,0,12,88,Loose
L2ReqDEcc0_XBS[*],in,70,30,0,96,4,0,Loose
L2ReqDEcc1_XBM[*],out,0,26,74,0,12,88,Loose
L2ReqDEcc1_XBS[*],in,70,30,0,97,3,0,Loose
L2ReqId0_XBM[*],out,0,26,74,0,11,89,Loose
L2ReqId0_XBS[*],in,70,30,0,98,2,0,Loose
L2ReqId1_XBM[*],out,0,26,74,0,12,88,Loose
L2ReqId1_XBS[*],in,70,30,0,97,3,0,Loose
L2ReqRdy_XBM[*],in,33,67,0,57,43,0,Loose
L2ReqRdy_XBS[*],out,0,30,70,0,16,84,Loose
L2ReqSideb0_XBM[*],out,0,14,86,0,10,90,Loose
L2ReqSideb0_XBS[*],in,98,2,0,97,3,0,Tight
L2ReqSideb1_XBM[*],out,0,14,86,0,11,89,Loose
L2ReqSideb1_XBS[*],in,98,2,0,97,3,0,Tight
L2ReqTop_XBM,out,0,14,86,0,11,89,Loose
L2ReqTop_XBS,in,70,30,0,95,5,0,Loose
L2ReqVld0_XBM,out,0,10,90,0,11,89,Tight
L2ReqVld0_XBS,in,86,14,0,87,13,0,Loose
L2ReqVld1_XBM,out,0,10,90,0,10,90,Tight
L2ReqVld1_XBS,in,86,14,0,86,14,0,Tight
L2ReqWData0_XBM[*],out,0,22,78,0,10,90,Loose
L2ReqWData0_XBS[*],in,70,30,0,96,4,0,Loose
L2ReqWData1_XBM[*],out,0,22,78,0,10,90,Loose
L2ReqWData1_XBS[*],in,94,6,0,98,2,0,Loose
L2ResDEcc0_XBM[*],in,78,22,0,87,13,0,Loose
L2ResDEcc0_XBS[*],out,0,34,66,0,17,83,Loose
L2ResDEcc1_XBM[*],in,78,22,0,86,14,0,Loose
L2ResDEcc1_XBS[*],out,0,34,66,0,15,85,Loose
L2ResRData0_XBM[*],in,86,14,0,90,10,0,Loose
L2ResRData0_XBS[*],out,0,18,82,0,9,91,Loose
L2ResRData1_XBM[*],in,86,14,0,89,11,0,Loose
L2ResRData1_XBS[*],out,0,18,82,0,8,92,Loose
L2ResSideb0_XBM[*],in,70,30,0,87,13,0,Loose
L2ResSideb0_XBS[*],out,0,26,74,0,10,90,Loose
L2ResSideb1_XBM[*],in,70,30,0,83,17,0,Loose
L2ResSideb1_XBS[*],out,0,26,74,0,12,88,Loose
L2ResTyp0_XBM[*],in,70,30,0,89,11,0,Loose
L2ResTyp0_XBS[*],out,0,26,74,0,11,89,Loose
L2ResTyp1_XBM[*],in,70,30,0,91,9,0,Loose
L2ResTyp1_XBS[*],out,0,26,74,0,10,90,Loose
LFAXIIC_DFS_RC_ERR,out,0,51,49,0,33,67,Loose
MC0D_RC_ERR,out,0,43,57,0,30,70,Loose
MC0I_RC_ERR,out,0,43,57,0,30,70,Loose
MC1D_RC_ERR,out,0,43,57,0,26,74,Loose
MC1I_RC_ERR,out,0,43,57,0,27,73,Loose
MGFX_ARADDR[*],in,61,39,0,83,17,0,Loose
MGFX_ARBURST[*],in,57,43,0,55,45,0,Tight
MGFX_ARCACHE[*],in,57,43,0,53,47,0,Tight
MGFX_ARID[*],in,41,59,0,71,29,0,Loose
MGFX_ARLEN[*],in,57,43,0,55,45,0,Tight
MGFX_ARLOCK[*],in,57,43,0,53,47,0,Tight
MGFX_ARPROT[*],in,70,30,0,64,36,0,Tight
MGFX_ARREADY,out,0,47,53,0,68,32,Tight
MGFX_ARSIZE[*],in,57,43,0,55,45,0,Tight
MGFX_ARUSER[*],in,66,34,0,85,15,0,Loose
MGFX_ARVALID,in,74,26,0,71,29,0,Tight
MGFX_RC_ERR,out,0,30,70,0,15,85,Loose
MGFX_RDATA[*],out,0,47,53,0,26,74,Loose
MGFX_RID[*],out,0,30,70,0,18,82,Loose
MGFX_RLAST,out,0,43,57,0,30,70,Loose
MGFX_RREADY,in,78,22,0,79,21,0,Loose
MGFX_RRESP[*],out,0,47,53,0,31,69,Loose
MGFX_RUSER[*],out,0,55,45,0,33,67,Loose
MGFX_RVALID,out,0,34,66,0,25,75,Loose
MISREN_PE0,in,61,39,0,73,27,0,Loose
MISREN_PE1,in,61,39,0,73,27,0,Loose
MMDA0[*],in,20,80,0,51,49,0,Loose
MMDA10[*],in,20,80,0,53,47,0,Loose
MMDA11[*],in,20,80,0,49,51,0,Loose
MMDA12[*],in,20,80,0,47,53,0,Loose
MMDA13[*],in,20,80,0,48,52,0,Loose
MMDA14[*],in,20,80,0,50,50,0,Loose
MMDA15[*],in,20,80,0,50,50,0,Loose
MMDA16[*],in,20,80,0,50,50,0,Loose
MMDA17[*],in,20,80,0,53,47,0,Loose
MMDA18[*],in,20,80,0,52,48,0,Loose
MMDA19[*],in,20,80,0,50,50,0,Loose
MMDA1[*],in,20,80,0,50,50,0,Loose
MMDA20[*],in,20,80,0,52,48,0,Loose
MMDA21[*],in,20,80,0,51,49,0,Loose
MMDA22[*],in,20,80,0,50,50,0,Loose
MMDA23[*],in,20,80,0,47,53,0,Loose
MMDA24[*],in,20,80,0,48,52,0,Loose
MMDA25[*],in,20,80,0,52,48,0,Loose
MMDA26[*],in,20,80,0,53,47,0,Loose
MMDA27[*],in,20,80,0,55,45,0,Loose
MMDA28[*],in,20,80,0,52,48,0,Loose
MMDA29[*],in,20,80,0,50,50,0,Loose
MMDA2[*],in,20,80,0,51,49,0,Loose
MMDA30[*],in,20,80,0,53,47,0,Loose
MMDA31[*],in,20,80,0,51,49,0,Loose
MMDA3[*],in,20,80,0,45,55,0,Loose
MMDA4[*],in,20,80,0,50,50,0,Loose
MMDA5[*],in,20,80,0,56,44,0,Loose
MMDA6[*],in,20,80,0,50,50,0,Loose
MMDA7[*],in,20,80,0,52,48,0,Loose
MMDA8[*],in,20,80,0,47,53,0,Loose
MMDA9[*],in,20,80,0,49,51,0,Loose
MMSA0[*],in,8,92,0,20,80,0,Loose
MMSA10[*],in,8,92,0,22,78,0,Loose
MMSA11[*],in,8,92,0,47,53,0,Loose
MMSA12[*],in,8,92,0,23,77,0,Loose
MMSA13[*],in,8,92,0,23,77,0,Loose
MMSA14[*],in,8,92,0,44,56,0,Loose
MMSA15[*],in,8,92,0,44,56,0,Loose
MMSA16[*],in,8,92,0,46,54,0,Loose
MMSA17[*],in,8,92,0,22,78,0,Loose
MMSA18[*],in,8,92,0,31,69,0,Loose
MMSA19[*],in,8,92,0,24,76,0,Loose
MMSA1[*],in,8,92,0,19,81,0,Loose
MMSA20[*],in,8,92,0,22,78,0,Loose
MMSA21[*],in,8,92,0,46,54,0,Loose
MMSA22[*],in,8,92,0,20,80,0,Loose
MMSA23[*],in,8,92,0,46,54,0,Loose
MMSA24[*],in,8,92,0,20,80,0,Loose
MMSA25[*],in,8,92,0,17,83,0,Loose
MMSA26[*],in,8,92,0,18,82,0,Loose
MMSA27[*],in,8,92,0,25,75,0,Loose
MMSA28[*],in,8,92,0,21,79,0,Loose
MMSA29[*],in,8,92,0,18,82,0,Loose
MMSA2[*],in,8,92,0,22,78,0,Loose
MMSA30[*],in,8,92,0,25,75,0,Loose
MMSA31[*],in,8,92,0,17,83,0,Loose
MMSA3[*],in,8,92,0,22,78,0,Loose
MMSA4[*],in,8,92,0,24,76,0,Loose
MMSA5[*],in,8,92,0,20,80,0,Loose
MMSA6[*],in,8,92,0,47,53,0,Loose
MMSA7[*],in,8,92,0,19,81,0,Loose
MMSA8[*],in,8,92,0,34,66,0,Loose
MMSA9[*],in,8,92,0,24,76,0,Loose
MMSZ0[*],in,8,92,0,20,80,0,Loose
MMSZ10[*],in,8,92,0,18,82,0,Loose
MMSZ11[*],in,8,92,0,18,82,0,Loose
MMSZ12[*],in,8,92,0,18,82,0,Loose
MMSZ13[*],in,8,92,0,15,85,0,Loose
MMSZ14[*],in,8,92,0,23,77,0,Loose
MMSZ15[*],in,8,92,0,41,59,0,Loose
MMSZ16[*],in,8,92,0,35,65,0,Loose
MMSZ17[*],in,8,92,0,20,80,0,Loose
MMSZ18[*],in,8,92,0,24,76,0,Loose
MMSZ19[*],in,8,92,0,19,81,0,Loose
MMSZ1[*],in,8,92,0,22,78,0,Loose
MMSZ20[*],in,8,92,0,19,81,0,Loose
MMSZ21[*],in,8,92,0,19,81,0,Loose
MMSZ22[*],in,8,92,0,15,85,0,Loose
MMSZ23[*],in,8,92,0,12,88,0,Loose
MMSZ24[*],in,8,92,0,21,79,0,Loose
MMSZ25[*],in,8,92,0,17,83,0,Loose
MMSZ26[*],in,8,92,0,20,80,0,Loose
MMSZ27[*],in,8,92,0,15,85,0,Loose
MMSZ28[*],in,8,92,0,20,80,0,Loose
MMSZ29[*],in,8,92,0,17,83,0,Loose
MMSZ2[*],in,8,92,0,19,81,0,Loose
MMSZ30[*],in,8,92,0,18,82,0,Loose
MMSZ31[*],in,8,92,0,12,88,0,Loose
MMSZ3[*],in,8,92,0,15,85,0,Loose
MMSZ4[*],in,8,92,0,22,78,0,Loose
MMSZ5[*],in,8,92,0,16,84,0,Loose
MMSZ6[*],in,8,92,0,18,82,0,Loose
MMSZ7[*],in,8,92,0,22,78,0,Loose
MMSZ8[*],in,8,92,0,32,68,0,Loose
MMSZ9[*],in,8,92,0,18,82,0,Loose
PADDR[*],in,29,71,0,50,50,0,Loose
PE0_GCFU_APB_Dvedz,in,70,30,0,87,13,0,Loose
PE0_Safety_Dvedz,in,29,71,0,47,53,0,Loose
PE0_pe_cpinit,in,41,59,0,49,51,0,Loose
PE0_sys_reset,in,41,59,0,27,73,0,Tight
PE0_sys_resetz,in,41,59,0,61,39,0,Loose
PE0c_sys_reset,in,41,59,0,63,37,0,Loose
PE1_GCFU_APB_Dvedz,in,70,30,0,82,18,0,Loose
PE1_pe_cpinit,in,41,59,0,57,43,0,Loose
PE1_sys_reset,in,41,59,0,41,59,0,Tight
PE1_sys_resetz,in,41,59,0,62,38,0,Loose
PE1c_sys_reset,in,41,59,0,51,49,0,Loose
PENABLE,in,29,71,0,-1,101,0,Tight
PEx_sys_reset,in,41,59,0,73,27,0,Loose
PEx_sys_resetz,in,41,59,0,59,41,0,Loose
PFSS_Safety_Dvedz,in,29,71,0,55,45,0,Loose
PFS_PRDATA_CFGCAP_DPE0[*],out,0,59,41,0,14,86,Loose
PFS_PRDATA_CFGCAP_DPE1[*],out,0,59,41,0,15,85,Loose
PFS_PRDATA_CFGCAP_IPE0[*],out,0,59,41,0,14,86,Loose
PFS_PRDATA_CFGCAP_IPE1[*],out,0,59,41,0,14,86,Loose
PFS_PRDATA_CFU[*],out,0,34,66,0,15,85,Loose
PFS_PRDATA_CRGCAP_CRAMH[*],out,0,59,41,0,8,92,Loose
PFS_PRDATA_CRGCAP_CRAML[*],out,0,59,41,0,14,86,Loose
PFS_PRDATA_CRGCAP_PE0[*],out,0,59,41,0,14,86,Loose
PFS_PRDATA_CRGCAP_PE1[*],out,0,59,41,0,14,86,Loose
PFS_PRDATA_ECCCNT_CFP_PE0[*],out,0,59,41,0,34,66,Loose
PFS_PRDATA_ECCCNT_CFP_PE1[*],out,0,59,41,0,40,60,Loose
PFS_PRDATA_ECCCNT_CRC[*],out,0,59,41,0,29,71,Loose
PFS_PRDATA_ECCCNT_ID_PE0[*],out,0,59,41,0,35,65,Loose
PFS_PRDATA_ECCCNT_ID_PE1[*],out,0,59,41,0,19,81,Loose
PFS_PRDATA_ECCCNT_IT_PE0[*],out,0,59,41,0,33,67,Loose
PFS_PRDATA_ECCCNT_IT_PE1[*],out,0,59,41,0,36,64,Loose
PFS_PRDATA_ECCCNT_LR_PE0[*],out,0,59,41,0,35,65,Loose
PFS_PRDATA_ECCCNT_LR_PE1[*],out,0,59,41,0,23,77,Loose
PFS_PRDATA_ECCCNT_MD_PE0[*],out,0,59,41,0,39,61,Loose
PFS_PRDATA_ECCCNT_MD_PE1[*],out,0,59,41,0,41,59,Loose
PFS_PRDATA_ECCCNT_SA_PE0[*],out,0,59,41,0,19,81,Loose
PFS_PRDATA_ECCCNT_SA_PE1[*],out,0,59,41,0,32,68,Loose
PFS_PRDATA_ECCCNT_SD_PE0[*],out,0,59,41,0,41,59,Loose
PFS_PRDATA_ECCCNT_SD_PE1[*],out,0,59,41,0,34,66,Loose
PFS_PRDATA_GUARD_CRAM[*],out,0,59,41,0,20,80,Loose
PFS_PRDATA_GUARD_PE0[*],out,0,59,41,0,33,67,Loose
PFS_PRDATA_GUARD_PE1[*],out,0,59,41,0,36,64,Loose
PFS_PRDATA_MDPCAP_PE0[*],out,0,59,41,0,34,66,Loose
PFS_PRDATA_MDPCAP_PE1[*],out,0,59,41,0,36,64,Loose
PFS_PRDATA_MECCCAP_ID_PE0[*],out,0,59,41,0,36,64,Loose
PFS_PRDATA_MECCCAP_ID_PE1[*],out,0,59,41,0,32,68,Loose
PFS_PRDATA_MECCCAP_IT_PE0[*],out,0,59,41,0,38,62,Loose
PFS_PRDATA_MECCCAP_IT_PE1[*],out,0,59,41,0,32,68,Loose
PFS_PRDATA_MECCCAP_LR_PE0[*],out,0,59,41,0,37,63,Loose
PFS_PRDATA_MECCCAP_LR_PE1[*],out,0,59,41,0,38,62,Loose
PFS_PRDATA_PEGCAP_M_PE0[*],out,0,59,41,0,14,86,Loose
PFS_PRDATA_PEGCAP_M_PE1[*],out,0,59,41,0,14,86,Loose
PFS_PRDATA_PEGCAP_S_PE0[*],out,0,59,41,0,21,79,Loose
PFS_PRDATA_PEGCAP_S_PE1[*],out,0,59,41,0,33,67,Loose
PFS_PREADY_CFU,out,0,59,41,0,41,59,Loose
PFS_PREADY_GUARD_CRAM,out,0,59,41,0,32,68,Loose
PFS_PSEL_CFGCAP_DPE0,in,41,59,0,53,47,0,Loose
PFS_PSEL_CFGCAP_DPE1,in,41,59,0,51,49,0,Loose
PFS_PSEL_CFGCAP_IPE0,in,41,59,0,51,49,0,Loose
PFS_PSEL_CFGCAP_IPE1,in,41,59,0,55,45,0,Loose
PFS_PSEL_CFU,in,41,59,0,67,33,0,Loose
PFS_PSEL_CRGCAP_CRAMH,in,41,59,0,47,53,0,Loose
PFS_PSEL_CRGCAP_CRAML,in,41,59,0,53,47,0,Loose
PFS_PSEL_CRGCAP_PE0,in,41,59,0,51,49,0,Loose
PFS_PSEL_CRGCAP_PE1,in,41,59,0,59,41,0,Loose
PFS_PSEL_ECCCNT_CFP_PE0,in,41,59,0,55,45,0,Loose
PFS_PSEL_ECCCNT_CFP_PE1,in,41,59,0,51,49,0,Loose
PFS_PSEL_ECCCNT_CRC,in,41,59,0,58,42,0,Loose
PFS_PSEL_ECCCNT_ID_PE0,in,41,59,0,52,48,0,Loose
PFS_PSEL_ECCCNT_ID_PE1,in,41,59,0,59,41,0,Loose
PFS_PSEL_ECCCNT_IT_PE0,in,41,59,0,47,53,0,Loose
PFS_PSEL_ECCCNT_IT_PE1,in,41,59,0,49,51,0,Loose
PFS_PSEL_ECCCNT_LR_PE0,in,41,59,0,50,50,0,Loose
PFS_PSEL_ECCCNT_LR_PE1,in,41,59,0,46,54,0,Loose
PFS_PSEL_ECCCNT_MD_PE0,in,41,59,0,61,39,0,Loose
PFS_PSEL_ECCCNT_MD_PE1,in,41,59,0,50,50,0,Loose
PFS_PSEL_ECCCNT_SA_PE0,in,41,59,0,54,46,0,Loose
PFS_PSEL_ECCCNT_SA_PE1,in,41,59,0,52,48,0,Loose
PFS_PSEL_ECCCNT_SD_PE0,in,41,59,0,59,41,0,Loose
PFS_PSEL_ECCCNT_SD_PE1,in,41,59,0,51,49,0,Loose
PFS_PSEL_GUARD_CRAM,in,41,59,0,45,55,0,Loose
PFS_PSEL_GUARD_PE0,in,41,59,0,55,45,0,Loose
PFS_PSEL_GUARD_PE1,in,41,59,0,57,43,0,Loose
PFS_PSEL_MDPCAP_PE0,in,41,59,0,53,47,0,Loose
PFS_PSEL_MDPCAP_PE1,in,41,59,0,52,48,0,Loose
PFS_PSEL_MECCCAP_ID_PE0,in,29,71,0,40,60,0,Loose
PFS_PSEL_MECCCAP_ID_PE1,in,29,71,0,37,63,0,Loose
PFS_PSEL_MECCCAP_IT_PE0,in,29,71,0,41,59,0,Loose
PFS_PSEL_MECCCAP_IT_PE1,in,29,71,0,48,52,0,Loose
PFS_PSEL_MECCCAP_LR_PE0,in,29,71,0,37,63,0,Loose
PFS_PSEL_MECCCAP_LR_PE1,in,29,71,0,36,64,0,Loose
PFS_PSEL_PEGCAP_M_PE0,in,41,59,0,51,49,0,Loose
PFS_PSEL_PEGCAP_M_PE1,in,41,59,0,52,48,0,Loose
PFS_PSEL_PEGCAP_S_PE0,in,41,59,0,48,52,0,Loose
PFS_PSEL_PEGCAP_S_PE1,in,41,59,0,51,49,0,Loose
PFS_PSLVERR_GUARD_CRAM,out,0,59,41,0,39,61,Loose
PRESETn,in,57,43,0,73,27,0,Loose
PSTRB[*],in,41,59,0,60,40,0,Loose
PWDATA[*],in,41,59,0,68,32,0,Loose
PWRITE,in,25,75,0,14,86,0,Tight
SAXI2CIVCI_UEIDErr,out,0,30,70,0,18,82,Loose
SFLBA_RC_ERR,out,0,39,61,0,19,81,Loose
SFLBB_RC_ERR,out,0,39,61,0,18,82,Loose
SGFLX_ARADDR[*],out,0,51,49,0,34,66,Loose
SGFLX_ARBURST[*],out,0,51,49,0,33,67,Loose
SGFLX_ARCACHE[*],out,0,51,49,0,34,66,Loose
SGFLX_ARID[*],out,0,39,61,0,16,84,Loose
SGFLX_ARLEN[*],out,0,51,49,0,39,61,Loose
SGFLX_ARPROT[*],out,0,51,49,0,41,59,Loose
SGFLX_ARREADY,in,41,59,0,54,46,0,Loose
SGFLX_ARSIZE[*],out,0,51,49,0,33,67,Loose
SGFLX_ARUSER[*],out,0,51,49,0,33,67,Loose
SGFLX_ARVALID,out,0,63,37,0,57,43,Loose
SGFLX_RC_ERR,out,0,30,70,0,10,90,Loose
SGFLX_RDATA[*],in,66,34,0,81,19,0,Loose
SGFLX_RID[*],in,37,63,0,82,18,0,Loose
SGFLX_RLAST,in,41,59,0,52,48,0,Loose
SGFLX_RREADY,out,0,29,71,0,23,77,Loose
SGFLX_RRESP[*],in,61,39,0,58,42,0,Tight
SGFLX_RUSER[*],in,57,43,0,70,30,0,Loose
SGFLX_RVALID,in,57,43,0,74,26,0,Loose
SSARADDR[*],in,70,30,0,93,7,0,Loose
SSARBURST[*],in,70,30,0,79,21,0,Loose
SSARID[*],in,70,30,0,91,9,0,Loose
SSARLEN[*],in,70,30,0,88,12,0,Loose
SSARREADY,out,0,30,70,0,15,85,Loose
SSARSIZE[*],in,70,30,0,87,13,0,Loose
SSARVALID,in,70,30,0,85,15,0,Loose
SSAWADDR[*],in,70,30,0,93,7,0,Loose
SSAWBURST[*],in,70,30,0,85,15,0,Loose
SSAWID[*],in,70,30,0,89,11,0,Loose
SSAWLEN[*],in,70,30,0,92,8,0,Loose
SSAWREADY,out,0,47,53,0,28,72,Loose
SSAWSIZE[*],in,70,30,0,85,15,0,Loose
SSAWVALID,in,70,30,0,82,18,0,Loose
SSBID[*],out,0,39,61,0,13,87,Loose
SSBREADY,in,53,47,0,75,25,0,Loose
SSBVALID,out,0,43,57,0,28,72,Loose
SSRDATA[*],out,0,39,61,0,12,88,Loose
SSRID[*],out,0,39,61,0,13,87,Loose
SSRLAST,out,0,39,61,0,25,75,Loose
SSRREADY,in,70,30,0,81,19,0,Loose
SSRVALID,out,0,39,61,0,23,77,Loose
SSWDATA[*],in,70,30,0,93,7,0,Loose
SSWREADY,out,0,47,53,0,30,70,Loose
SSWSTRB[*],in,70,30,0,95,5,0,Loose
SSWVALID,in,70,30,0,83,17,0,Loose
SWDT_ADDMATC_PE0,out,0,43,57,0,27,73,Loose
Safety_Dvedz,in,29,71,0,41,59,0,Loose
TME0,in,70,30,0,78,22,0,Loose
TME1,in,70,30,0,87,13,0,Loose
TME10,in,70,30,0,83,17,0,Loose
TME11,in,70,30,0,80,20,0,Loose
TME12,in,70,30,0,82,18,0,Loose
TME13,in,70,30,0,86,14,0,Loose
TME14,in,70,30,0,83,17,0,Loose
TME15,in,70,30,0,83,17,0,Loose
TME16,in,70,30,0,84,16,0,Loose
TME17,in,70,30,0,83,17,0,Loose
TME18,in,70,30,0,86,14,0,Loose
TME19,in,70,30,0,74,26,0,Loose
TME2,in,70,30,0,89,11,0,Loose
TME20,in,70,30,0,87,13,0,Loose
TME21,in,70,30,0,87,13,0,Loose
TME22,in,70,30,0,87,13,0,Loose
TME23,in,70,30,0,86,14,0,Loose
TME24,in,70,30,0,83,17,0,Loose
TME25,in,70,30,0,84,16,0,Loose
TME26,in,70,30,0,86,14,0,Loose
TME27,in,70,30,0,87,13,0,Loose
TME28,in,70,30,0,84,16,0,Loose
TME29,in,70,30,0,82,18,0,Loose
TME3,in,70,30,0,86,14,0,Loose
TME30,in,70,30,0,83,17,0,Loose
TME31,in,70,30,0,84,16,0,Loose
TME4,in,70,30,0,83,17,0,Loose
TME5,in,70,30,0,84,16,0,Loose
TME6,in,70,30,0,84,16,0,Loose
TME7,in,70,30,0,86,14,0,Loose
TME8,in,70,30,0,85,15,0,Loose
TME9,in,70,30,0,83,17,0,Loose
V2AR_err_ded,out,0,39,61,0,25,75,Loose
V2AR_err_sed,out,0,30,70,0,17,83,Loose
V2AW_err_ded,out,0,30,70,0,16,84,Loose
V2AW_err_sed,out,0,30,70,0,17,83,Loose
V2A_MARADDR[*],out,0,30,70,0,15,85,Loose
V2A_MARID[*],out,0,30,70,0,15,85,Loose
V2A_MARLOCK[*],out,0,30,70,0,15,85,Loose
V2A_MARREADY,in,61,39,0,74,26,0,Loose
V2A_MARSIZE[*],out,0,30,70,0,16,84,Loose
V2A_MARUSER[*],out,0,30,70,0,15,85,Loose
V2A_MARVALID,out,0,43,57,0,27,73,Loose
V2A_MAWADDR[*],out,0,43,57,0,19,81,Loose
V2A_MAWID[*],out,0,39,61,0,22,78,Loose
V2A_MAWLOCK[*],out,0,43,57,0,22,78,Loose
V2A_MAWREADY,in,66,34,0,91,9,0,Loose
V2A_MAWSIZE[*],out,0,43,57,0,24,76,Loose
V2A_MAWUSER[*],out,0,39,61,0,19,81,Loose
V2A_MAWVALID,out,0,34,66,0,19,81,Loose
V2A_MBID[*],in,70,30,0,91,9,0,Loose
V2A_MBREADY,out,0,34,66,0,19,81,Loose
V2A_MBRESP[*],in,70,30,0,87,13,0,Loose
V2A_MBVALID,in,61,39,0,72,28,0,Loose
V2A_MRDATA[*],in,70,30,0,96,4,0,Loose
V2A_MRID[*],in,70,30,0,89,11,0,Loose
V2A_MRLAST,in,70,30,0,83,17,0,Loose
V2A_MRREADY,out,0,30,70,0,15,85,Loose
V2A_MRRESP[*],in,70,30,0,89,11,0,Loose
V2A_MRUSER[*],in,70,30,0,96,4,0,Loose
V2A_MRVALID,in,53,47,0,70,30,0,Loose
V2A_MWDATA[*],out,0,43,57,0,18,82,Loose
V2A_MWID[*],out,0,30,70,0,15,85,Loose
V2A_MWREADY,in,66,34,0,80,20,0,Loose
V2A_MWSTRB[*],out,0,30,70,0,13,87,Loose
V2A_MWUSER[*],out,0,43,57,0,20,80,Loose
V2A_MWVALID,out,0,39,61,0,24,76,Loose
V2A_cmperr,out,0,39,61,0,27,73,Loose
afeerrout_ID_PE0,out,0,51,49,0,33,67,Loose
afeerrout_ID_PE1,out,0,51,49,0,22,78,Loose
afeerrout_IT_PE0,out,0,51,49,0,30,70,Loose
afeerrout_IT_PE1,out,0,51,49,0,33,67,Loose
afeerrout_LR0_PE0,out,0,51,49,0,34,66,Loose
afeerrout_LR0_PE1,out,0,51,49,0,29,71,Loose
bus_hold_ack0D,out,0,59,41,0,32,68,Loose
bus_hold_ack0I,out,0,59,41,0,35,65,Loose
bus_hold_ack1D,out,0,59,41,0,34,66,Loose
bus_hold_ack1I,out,0,59,41,0,34,66,Loose
bus_hold_req,in,70,30,0,78,22,0,Loose
cf_clr_cache_pt,out,0,43,57,0,28,72,Loose
cvcq_adr_m_ICLXB[*],in,8,92,0,83,17,0,Loose
cvcq_adr_m_PVCI[*],out,0,80,20,0,62,38,Loose
cvcq_adr_s_ICLXB[*],out,0,74,26,0,63,37,Loose
cvcq_aecc_m_ICLXB[*],in,20,80,0,90,10,0,Loose
cvcq_aecc_m_PVCI[*],out,0,71,29,0,42,58,Loose
cvcq_aecc_s_ICLXB[*],out,0,64,36,0,70,30,Tight
cvcq_dat_m_ICLXB[*],in,20,80,0,90,10,0,Loose
cvcq_dat_m_PVCI[*],out,0,64,36,0,39,61,Loose
cvcq_dat_s_ICLXB[*],out,0,64,36,0,39,61,Loose
cvcq_decc_m_ICLXB[*],in,20,80,0,89,11,0,Loose
cvcq_decc_m_PVCI[*],out,0,71,29,0,41,59,Loose
cvcq_decc_s_ICLXB[*],out,0,71,29,0,37,63,Loose
cvcq_id_m_ICLXB[*],in,20,80,0,48,52,0,Loose
cvcq_id_m_PVCI[*],out,0,71,29,0,56,44,Loose
cvcq_id_s_ICLXB[*],out,0,64,36,0,53,47,Loose
cvcq_rdy_m_ICLXB,out,0,44,56,0,80,20,Tight
cvcq_rdy_m_PVCI,in,49,51,0,84,16,0,Loose
cvcq_rdy_s_ICLXB,in,20,80,0,83,17,0,Loose
cvcq_sideb_m_ICLXB[*],in,20,80,0,49,51,0,Loose
cvcq_sideb_m_PVCI[*],out,0,71,29,0,56,44,Loose
cvcq_sideb_s_ICLXB[*],out,0,71,29,0,61,39,Loose
cvcq_typ_m_ICLXB[*],in,20,80,0,47,53,0,Loose
cvcq_typ_m_PVCI[*],out,0,71,29,0,55,45,Loose
cvcq_typ_s_ICLXB[*],out,0,71,29,0,57,43,Loose
cvcq_vld_m_ICLXB,in,20,80,0,50,50,0,Loose
cvcq_vld_m_PVCI,out,0,63,37,0,52,48,Loose
cvcq_vld_s_ICLXB,out,0,71,29,0,63,37,Loose
cvcr_dat_m_ICLXB[*],out,0,46,54,0,49,51,Tight
cvcr_dat_m_PVCI[*],in,70,30,0,89,11,0,Loose
cvcr_dat_s_ICLXB[*],in,37,63,0,86,14,0,Loose
cvcr_decc_m_ICLXB[*],out,0,63,37,0,53,47,Loose
cvcr_decc_m_PVCI[*],in,41,59,0,80,20,0,Loose
cvcr_decc_s_ICLXB[*],in,37,63,0,81,19,0,Loose
cvcr_err_m_ICLXB,out,0,57,43,0,60,40,Tight
cvcr_err_m_PVCI,in,41,59,0,52,48,0,Loose
cvcr_err_s_ICLXB,in,37,63,0,50,50,0,Loose
cvcr_id_m_ICLXB[*],out,0,70,30,0,71,29,Tight
cvcr_id_m_PVCI[*],in,33,67,0,57,43,0,Loose
cvcr_id_s_ICLXB[*],in,29,71,0,51,49,0,Loose
cvcr_rdy_m_ICLXB,in,37,63,0,80,20,0,Loose
cvcr_rdy_m_PVCI,out,0,45,55,0,54,46,Tight
cvcr_rdy_s_ICLXB,out,0,45,55,0,55,45,Tight
cvcr_sideb_m_ICLXB[*],out,0,39,61,0,70,30,Tight
cvcr_sideb_m_PVCI[*],in,53,47,0,62,38,0,Loose
cvcr_sideb_s_ICLXB[*],in,37,63,0,56,44,0,Loose
cvcr_typ_m_ICLXB[*],out,0,57,43,0,66,34,Tight
cvcr_typ_m_PVCI[*],in,41,59,0,59,41,0,Loose
cvcr_typ_s_ICLXB[*],in,37,63,0,55,45,0,Loose
cvcr_vld_m_ICLXB,out,0,57,43,0,57,43,Tight
cvcr_vld_m_PVCI,in,33,67,0,55,45,0,Loose
cvcr_vld_s_ICLXB,in,33,67,0,45,55,0,Loose
db_rmsk,in,41,59,0,63,37,0,Loose
db_rmsk_PE0,in,70,30,0,88,12,0,Loose
db_rmsk_PE1,in,70,30,0,93,7,0,Loose
dbg_CpuMod_PE0[*],out,0,43,57,0,28,72,Loose
dbg_CpuMod_PE1[*],out,0,43,57,0,24,76,Loose
dbg_RlyBrkReq_PE0,out,0,47,53,0,28,72,Loose
dbg_RlyBrkReq_PE1,out,0,47,53,0,28,72,Loose
dbintz_nm_PE0,in,70,30,0,89,11,0,Loose
dbintz_nm_PE1,in,70,30,0,88,12,0,Loose
dcevbrk_dma_PE0,in,70,30,0,74,26,0,Loose
dcevbrk_dma_PE1,in,70,30,0,76,24,0,Loose
dcu_sft_data_PE0[*],out,0,47,53,0,25,75,Loose
dcu_sft_data_PE1[*],out,0,47,53,0,28,72,Loose
dcu_sft_req_PE0,out,0,33,67,0,18,82,Loose
dcu_sft_req_PE1,out,0,33,67,0,19,81,Loose
dcu_sft_size_PE0[*],out,0,39,61,0,27,73,Loose
dcu_sft_size_PE1[*],out,0,39,61,0,26,74,Loose
dcu_sft_wait_PE0,in,45,55,0,92,8,0,Loose
dcu_sft_wait_PE1,in,45,55,0,89,11,0,Loose
dcu_soft_trace_mode_PE0,in,41,59,0,63,37,0,Loose
dcu_soft_trace_mode_PE1,in,41,59,0,63,37,0,Loose
dederrout_ID_PE0,out,0,51,49,0,34,66,Loose
dederrout_ID_PE1,out,0,51,49,0,23,77,Loose
dederrout_IT_PE0,out,0,51,49,0,32,68,Loose
dederrout_IT_PE1,out,0,51,49,0,28,72,Loose
dederrout_LR0_PE0,out,0,51,49,0,34,66,Loose
dederrout_LR0_PE1,out,0,51,49,0,35,65,Loose
edr_addr_m1_PE0[*],in,70,30,0,92,8,0,Loose
edr_addr_m1_PE1[*],in,70,30,0,91,9,0,Loose
edr_addr_mv[*],in,70,30,0,92,8,0,Loose
edr_addr_sx_PE0[*],out,0,39,61,0,16,84,Loose
edr_enable_m1_PE0,in,57,43,0,76,24,0,Loose
edr_enable_m1_PE1,in,57,43,0,74,26,0,Loose
edr_enable_mv,in,57,43,0,71,29,0,Loose
edr_enable_sx_PE0,out,0,59,41,0,30,70,Loose
edr_rdata_m1_PE0[*],out,0,26,74,0,11,89,Loose
edr_rdata_m1_PE1[*],out,0,26,74,0,9,91,Loose
edr_rdata_mv[*],out,0,22,78,0,12,88,Loose
edr_rdata_sx_PE0[*],in,49,51,0,80,20,0,Loose
edr_rden_m1_PE0,in,70,30,0,88,12,0,Loose
edr_rden_m1_PE1,in,70,30,0,94,6,0,Loose
edr_ready_m1_PE0,out,0,30,70,0,13,87,Loose
edr_ready_m1_PE1,out,0,30,70,0,17,83,Loose
edr_ready_mv,out,0,43,57,0,16,84,Loose
edr_ready_sx_PE0,in,41,59,0,55,45,0,Loose
edr_sel_m1_PE0,in,57,43,0,79,21,0,Loose
edr_sel_m1_PE1,in,57,43,0,79,21,0,Loose
edr_sel_mv,in,57,43,0,71,29,0,Loose
edr_sel_sx_PE0,out,0,59,41,0,20,80,Loose
edr_slverr_m1_PE0,out,0,30,70,0,15,85,Loose
edr_slverr_m1_PE1,out,0,30,70,0,18,82,Loose
edr_slverr_sx_PE0,in,70,30,0,85,15,0,Loose
edr_wdata_m1_PE0[*],in,82,18,0,93,7,0,Loose
edr_wdata_m1_PE1[*],in,82,18,0,93,7,0,Loose
edr_wdata_mv[*],in,70,30,0,92,8,0,Loose
edr_wdata_sx_PE0[*],out,0,47,53,0,15,85,Loose
edr_wrback_m1_PE0,out,0,30,70,0,19,81,Loose
edr_wrback_m1_PE1,out,0,30,70,0,15,85,Loose
edr_write_m1_PE0,in,70,30,0,86,14,0,Loose
edr_write_m1_PE1,in,70,30,0,84,16,0,Loose
edr_write_mv,in,61,39,0,82,18,0,Loose
edr_write_sx_PE0,out,0,34,66,0,19,81,Loose
eiint_PE0[*],in,53,47,0,71,29,0,Loose
eiint_PE1[*],in,53,47,0,67,33,0,Loose
errDL_EADR_PE0[*],out,0,43,57,0,27,73,Loose
errDL_EADR_PE1[*],out,0,43,57,0,22,78,Loose
errDL_FAXI_APE_PE0,out,0,39,61,0,25,75,Loose
errDL_FAXI_APE_PE1,out,0,39,61,0,26,74,Loose
errDL_FAXI_DED_PE0,out,0,39,61,0,25,75,Loose
errDL_FAXI_DED_PE1,out,0,39,61,0,19,81,Loose
errDL_FAXI_EVE_PE0,out,0,39,61,0,24,76,Loose
errDL_FAXI_EVE_PE1,out,0,39,61,0,23,77,Loose
errDL_FAXI_SED_PE0,out,0,39,61,0,24,76,Loose
errDL_FAXI_SED_PE1,out,0,39,61,0,23,77,Loose
errDL_FAXI_SE_PE0,out,0,39,61,0,25,75,Loose
errDL_FAXI_SE_PE1,out,0,39,61,0,19,81,Loose
errDL_L1Ram_SE_PE0,out,0,30,70,0,20,80,Loose
errDL_L1Ram_SE_PE1,out,0,30,70,0,18,82,Loose
errDL_L2Ram_DED_PE0,out,0,39,61,0,24,76,Loose
errDL_L2Ram_DED_PE1,out,0,39,61,0,24,76,Loose
errDL_L2Ram_SED_PE0,out,0,39,61,0,24,76,Loose
errDL_L2Ram_SED_PE1,out,0,39,61,0,22,78,Loose
errDL_L2Ram_SE_PE0,out,0,39,61,0,23,77,Loose
errDL_L2Ram_SE_PE1,out,0,39,61,0,25,75,Loose
errDL_VCI_DED_PE0,out,0,43,57,0,27,73,Loose
errDL_VCI_DED_PE1,out,0,43,57,0,24,76,Loose
errDL_VCI_SED_PE0,out,0,43,57,0,27,73,Loose
errDL_VCI_SED_PE1,out,0,43,57,0,23,77,Loose
errDL_VCI_SE_PE0,out,0,43,57,0,24,76,Loose
errDL_VCI_SE_PE1,out,0,43,57,0,26,74,Loose
errDS_FAXI_SE_PE0,out,0,43,57,0,21,79,Loose
errDS_FAXI_SE_PE1,out,0,43,57,0,23,77,Loose
errDS_L1Ram_SE_PE0,out,0,43,57,0,23,77,Loose
errDS_L1Ram_SE_PE1,out,0,43,57,0,22,78,Loose
errDS_L2Ram_SE_PE0,out,0,43,57,0,22,78,Loose
errDS_L2Ram_SE_PE1,out,0,43,57,0,22,78,Loose
errDS_VCI_SE_PE0,out,0,43,57,0,23,77,Loose
errDS_VCI_SE_PE1,out,0,43,57,0,22,78,Loose
errIC_ERR_PE0,out,0,43,57,0,26,74,Loose
errIC_ERR_PE1,out,0,43,57,0,27,73,Loose
errI_EADR_PE0[*],out,0,47,53,0,27,73,Loose
errI_EADR_PE1[*],out,0,47,53,0,22,78,Loose
errI_FAXI_APE_PE0,out,0,39,61,0,21,79,Loose
errI_FAXI_APE_PE1,out,0,39,61,0,22,78,Loose
errI_FAXI_DED_PE0,out,0,39,61,0,22,78,Loose
errI_FAXI_DED_PE1,out,0,39,61,0,22,78,Loose
errI_FAXI_EVE_PE0,out,0,39,61,0,21,79,Loose
errI_FAXI_EVE_PE1,out,0,39,61,0,18,82,Loose
errI_FAXI_SED_PE0,out,0,39,61,0,23,77,Loose
errI_FAXI_SED_PE1,out,0,39,61,0,22,78,Loose
errV_IPEM_DED_PE0,out,0,43,57,0,26,74,Loose
errV_IPEM_DED_PE1,out,0,43,57,0,23,77,Loose
errV_IPEM_SED_PE0,out,0,43,57,0,27,73,Loose
errV_IPEM_SED_PE1,out,0,43,57,0,20,80,Loose
errV_IPES_ADED_PE0,out,0,43,57,0,23,77,Loose
errV_IPES_ADED_PE1,out,0,43,57,0,21,79,Loose
errV_IPES_ASED_PE0,out,0,43,57,0,29,71,Loose
errV_IPES_ASED_PE1,out,0,43,57,0,23,77,Loose
errV_IPES_DDED_PE0,out,0,43,57,0,25,75,Loose
errV_IPES_DDED_PE1,out,0,43,57,0,23,77,Loose
errV_IPES_DSED_PE0,out,0,43,57,0,28,72,Loose
errV_IPES_DSED_PE1,out,0,43,57,0,21,79,Loose
err_L2Bus_ADD_PE1,out,0,30,70,0,15,85,Loose
err_L2Bus_ADD_PE2,out,0,30,70,0,14,86,Loose
err_L2Bus_ADD_XBS,out,0,30,70,0,12,88,Loose
err_L2Bus_ADS_PE1,out,0,30,70,0,15,85,Loose
err_L2Bus_ADS_PE2,out,0,30,70,0,13,87,Loose
err_L2Bus_ADS_XBS,out,0,30,70,0,13,87,Loose
err_L2Bus_RWD_PE1,out,0,30,70,0,14,86,Loose
err_L2Bus_RWD_PE2,out,0,30,70,0,15,85,Loose
err_L2Bus_RWD_XBS,out,0,30,70,0,12,88,Loose
err_L2Bus_RWS_PE1,out,0,30,70,0,14,86,Loose
err_L2Bus_RWS_PE2,out,0,30,70,0,13,87,Loose
err_L2Bus_RWS_XBS,out,0,30,70,0,14,86,Loose
err_L2MemW02_AFE,out,0,43,57,0,31,69,Loose
err_L2MemW02_EADR[*],out,0,43,57,0,20,80,Loose
err_L2MemW02_RWD,out,0,43,57,0,28,72,Loose
err_L2MemW02_RWS,out,0,43,57,0,21,79,Loose
err_L2MemW13_AFE,out,0,43,57,0,26,74,Loose
err_L2MemW13_EADR[*],out,0,43,57,0,21,79,Loose
err_L2MemW13_RWD,out,0,43,57,0,23,77,Loose
err_L2MemW13_RWS,out,0,43,57,0,21,79,Loose
err_L2Ram_CMPERR,out,0,30,70,0,15,85,Loose
errovfout0_ID_PE0,out,0,51,49,0,29,71,Loose
errovfout0_ID_PE1,out,0,51,49,0,22,78,Loose
errovfout0_IT_PE0,out,0,51,49,0,31,69,Loose
errovfout0_IT_PE1,out,0,51,49,0,34,66,Loose
errovfout0_LR0_PE0,out,0,51,49,0,35,65,Loose
errovfout0_LR0_PE1,out,0,51,49,0,32,68,Loose
errovfout1_ID_PE0,out,0,51,49,0,35,65,Loose
errovfout1_ID_PE1,out,0,51,49,0,23,77,Loose
errovfout1_IT_PE0,out,0,51,49,0,29,71,Loose
errovfout1_IT_PE1,out,0,51,49,0,26,74,Loose
errovfout1_LR0_PE0,out,0,51,49,0,34,66,Loose
errovfout1_LR0_PE1,out,0,51,49,0,32,68,Loose
evtin_cpu_PE0,in,70,30,0,91,9,0,Loose
evtin_cpu_PE1,in,70,30,0,89,11,0,Loose
evtin_crm,in,70,30,0,92,8,0,Loose
evttrg_cpu_PE0,out,0,43,57,0,24,76,Loose
evttrg_cpu_PE1,out,0,43,57,0,21,79,Loose
evttrg_crm,out,0,43,57,0,26,74,Loose
evttrg_rcu_PE0,out,0,43,57,0,28,72,Loose
evttrg_rcu_PE1,out,0,43,57,0,23,77,Loose
feint_PE0[*],in,53,47,0,68,32,0,Loose
feint_PE1[*],in,53,47,0,69,31,0,Loose
fenmi_PE0,in,70,30,0,84,16,0,Loose
fenmi_PE1,in,70,30,0,84,16,0,Loose
filterflg_cAcbk0_2_adr[*],out,0,43,57,0,23,77,Loose
filterflg_cAcbk0_2_aen,out,0,43,57,0,23,77,Loose
filterflg_cAcbk0_2_dat,in,70,30,0,83,17,0,Loose
filterflg_cAcbk0_2_den,in,70,30,0,82,18,0,Loose
filterflg_cAcbk1_3_adr[*],out,0,43,57,0,21,79,Loose
filterflg_cAcbk1_3_aen,out,0,43,57,0,24,76,Loose
filterflg_cAcbk1_3_dat,in,70,30,0,76,24,0,Loose
filterflg_cAcbk1_3_den,in,70,30,0,81,19,0,Loose
filterflg_cAlBbk0_adr_PE0[*],out,0,39,61,0,26,74,Loose
filterflg_cAlBbk0_adr_PE1[*],out,0,39,61,0,20,80,Loose
filterflg_cAlBbk0_aen_PE0,out,0,30,70,0,15,85,Loose
filterflg_cAlBbk0_aen_PE1,out,0,30,70,0,18,82,Loose
filterflg_cAlBbk0_dat_PE0,in,70,30,0,86,14,0,Loose
filterflg_cAlBbk0_dat_PE1,in,70,30,0,89,11,0,Loose
filterflg_cAlBbk0_den_PE0,in,70,30,0,84,16,0,Loose
filterflg_cAlBbk0_den_PE1,in,70,30,0,83,17,0,Loose
filterflg_cAlBbk1_adr_PE0[*],out,0,39,61,0,23,77,Loose
filterflg_cAlBbk1_adr_PE1[*],out,0,39,61,0,21,79,Loose
filterflg_cAlBbk1_aen_PE0,out,0,30,70,0,16,84,Loose
filterflg_cAlBbk1_aen_PE1,out,0,30,70,0,19,81,Loose
filterflg_cAlBbk1_dat_PE0,in,70,30,0,86,14,0,Loose
filterflg_cAlBbk1_dat_PE1,in,70,30,0,90,10,0,Loose
filterflg_cAlBbk1_den_PE0,in,70,30,0,81,19,0,Loose
filterflg_cAlBbk1_den_PE1,in,70,30,0,85,15,0,Loose
filterflg_cAlBbk2_adr_PE0[*],out,0,39,61,0,22,78,Loose
filterflg_cAlBbk2_adr_PE1[*],out,0,39,61,0,21,79,Loose
filterflg_cAlBbk2_aen_PE0,out,0,30,70,0,17,83,Loose
filterflg_cAlBbk2_aen_PE1,out,0,30,70,0,18,82,Loose
filterflg_cAlBbk2_dat_PE0,in,70,30,0,87,13,0,Loose
filterflg_cAlBbk2_dat_PE1,in,70,30,0,87,13,0,Loose
filterflg_cAlBbk2_den_PE0,in,70,30,0,87,13,0,Loose
filterflg_cAlBbk2_den_PE1,in,70,30,0,86,14,0,Loose
filterflg_cAlBbk3_adr_PE0[*],out,0,39,61,0,23,77,Loose
filterflg_cAlBbk3_adr_PE1[*],out,0,39,61,0,19,81,Loose
filterflg_cAlBbk3_aen_PE0,out,0,30,70,0,17,83,Loose
filterflg_cAlBbk3_aen_PE1,out,0,30,70,0,18,82,Loose
filterflg_cAlBbk3_dat_PE0,in,70,30,0,88,12,0,Loose
filterflg_cAlBbk3_dat_PE1,in,70,30,0,89,11,0,Loose
filterflg_cAlBbk3_den_PE0,in,70,30,0,87,13,0,Loose
filterflg_cAlBbk3_den_PE1,in,70,30,0,80,20,0,Loose
fli_ack,out,0,51,49,0,36,64,Loose
fli_msk,in,41,59,0,74,26,0,Loose
fr_aeccerr_ded_ccib0,out,0,43,57,0,30,70,Loose
fr_aeccerr_ded_ccib1,out,0,43,57,0,29,71,Loose
fr_aeccerr_sed_ccib0,out,0,43,57,0,30,70,Loose
fr_aeccerr_sed_ccib1,out,0,43,57,0,26,74,Loose
fr_bist_error_ccib0,out,0,43,57,0,27,73,Loose
fr_bist_error_ccib1,out,0,43,57,0,26,74,Loose
gRlyBrkReq_PE0[*],in,61,39,0,72,28,0,Loose
gRlyBrkReq_PE1[*],in,61,39,0,77,23,0,Loose
gcfu_aeccerr_ded0D,out,0,43,57,0,26,74,Loose
gcfu_aeccerr_ded0I,out,0,43,57,0,31,69,Loose
gcfu_aeccerr_ded1D,out,0,43,57,0,32,68,Loose
gcfu_aeccerr_ded1I,out,0,43,57,0,29,71,Loose
gcfu_aeccerr_sed0D,out,0,43,57,0,29,71,Loose
gcfu_aeccerr_sed0I,out,0,43,57,0,31,69,Loose
gcfu_aeccerr_sed1D,out,0,43,57,0,31,69,Loose
gcfu_aeccerr_sed1I,out,0,43,57,0,25,75,Loose
gcfu_bist_err0D,out,0,43,57,0,28,72,Loose
gcfu_bist_err0I,out,0,43,57,0,28,72,Loose
gcfu_bist_err1D,out,0,43,57,0,29,71,Loose
gcfu_bist_err1I,out,0,43,57,0,31,69,Loose
i1_intack_PE0,out,0,47,53,0,26,74,Loose
i1_intack_PE1,out,0,47,53,0,27,73,Loose
i1_intackch_PE0[*],out,0,43,57,0,21,79,Loose
i1_intackch_PE1[*],out,0,43,57,0,22,78,Loose
i2_eiintrq_PE0,in,70,30,0,88,12,0,Loose
i2_eiintrq_PE1,in,70,30,0,82,18,0,Loose
i2_intch_PE0[*],in,70,30,0,89,11,0,Loose
i2_intch_PE1[*],in,70,30,0,92,8,0,Loose
i2_inteitb_PE0,in,70,30,0,81,19,0,Loose
i2_inteitb_PE1,in,70,30,0,83,17,0,Loose
i2_intpri_PE0[*],in,70,30,0,91,9,0,Loose
i2_intpri_PE1[*],in,70,30,0,87,13,0,Loose
instmc_msk_PE0,out,0,30,70,0,19,81,Loose
instmc_msk_PE1,out,0,30,70,0,19,81,Loose
keysecopen,in,41,59,0,68,32,0,Loose
ls_err_PE0,out,0,67,33,0,51,49,Loose
ls_err_PE1,out,0,67,33,0,39,61,Loose
msyn_CL0,in,70,30,0,81,19,0,Loose
msyn_PE0,in,49,51,0,57,43,0,Loose
msyn_PE1,in,49,51,0,59,41,0,Loose
resmkreq_PE0,out,0,30,70,0,16,84,Loose
resmkreq_PE1,out,0,30,70,0,17,83,Loose
seclock_ciu_lc,in,70,30,0,84,16,0,Loose
sederrout_ID_PE0,out,0,51,49,0,29,71,Loose
sederrout_ID_PE1,out,0,51,49,0,22,78,Loose
sederrout_IT_PE0,out,0,51,49,0,34,66,Loose
sederrout_IT_PE1,out,0,51,49,0,27,73,Loose
sederrout_LR0_PE0,out,0,51,49,0,34,66,Loose
sederrout_LR0_PE1,out,0,51,49,0,33,67,Loose
set_mp_disable_IPEXB[*],in,20,80,0,56,44,0,Loose
sys_DcuPipeHold_PE0,out,0,35,65,0,28,72,Loose
sys_DcuPipeHold_PE1,out,0,35,65,0,33,67,Loose
sys_L1RamClkEn_PE0,in,37,63,0,83,17,0,Loose
sys_L1RamClkEn_PE1,in,37,63,0,54,46,0,Loose
sys_L2BusAEccTst,in,57,43,0,76,24,0,Loose
sys_L2BusAEccTstDIn[*],in,57,43,0,84,16,0,Loose
sys_L2BusAEccTstEIn[*],in,57,43,0,80,20,0,Loose
sys_L2BusDDatSel,in,57,43,0,78,22,0,Loose
sys_L2BusDEccTst,in,57,43,0,78,22,0,Loose
sys_L2BusDEccTstDIn[*],in,57,43,0,83,17,0,Loose
sys_L2BusDEccTstEIn[*],in,57,43,0,84,16,0,Loose
sys_L2BusDisAECC,in,57,43,0,79,21,0,Loose
sys_L2BusDisDECC,in,57,43,0,77,23,0,Loose
sys_L2BusDisDSEC,in,57,43,0,75,25,0,Loose
sys_L2MemDisDECC,in,41,59,0,56,44,0,Loose
sys_L2MemDisDSEC,in,41,59,0,58,42,0,Loose
sys_L2RamClkEn,in,57,43,0,72,28,0,Loose
sys_SaCntUpd_PE0,in,53,47,0,67,33,0,Loose
sys_SaCntUpd_PE1,in,53,47,0,69,31,0,Loose
sys_SpidListUpd_PE0,in,70,30,0,89,11,0,Loose
sys_SpidListUpd_PE1,in,70,30,0,84,16,0,Loose
sys_SpidList_PE0[*],in,41,59,0,55,45,0,Loose
sys_SpidList_PE1[*],in,41,59,0,53,47,0,Loose
sys_dbrstmsk_PE0,in,41,59,0,61,39,0,Loose
sys_dbrstmsk_PE1,in,41,59,0,62,38,0,Loose
sys_drclr_PE0,in,70,30,0,84,16,0,Loose
sys_drclr_PE1,in,70,30,0,82,18,0,Loose
sys_icclr_PE0,in,70,30,0,86,14,0,Loose
sys_icclr_PE1,in,70,30,0,84,16,0,Loose
tcugtb_hdrq_CL0,in,49,51,0,65,35,0,Loose
tcugtb_hdrq_PE0,in,49,51,0,81,19,0,Loose
tcugtb_hdrq_PE1,in,49,51,0,86,14,0,Loose
tmutck_brkreq_PE0,in,70,30,0,72,28,0,Loose
tmutck_brkreq_PE1,in,70,30,0,77,23,0,Loose
tr_ack_gtb[*],in,33,67,0,58,42,0,Loose
tr_ack_gtb_PE0[*],in,33,67,0,56,44,0,Loose
tr_ack_gtb_PE1[*],in,33,67,0,56,44,0,Loose
tr_and_c_PE0,out,0,43,57,0,28,72,Loose
tr_and_c_PE1,out,0,43,57,0,26,74,Loose
tr_bufclr,in,70,30,0,86,14,0,Loose
tr_bufclr_PE0,in,70,30,0,92,8,0,Loose
tr_bufclr_PE1,in,70,30,0,85,15,0,Loose
tr_d0_ltb[*],out,0,51,49,0,30,70,Loose
tr_d0_ltb_PE0[*],out,0,51,49,0,32,68,Loose
tr_d0_ltb_PE1[*],out,0,51,49,0,32,68,Loose
tr_d1_ltb[*],out,0,51,49,0,32,68,Loose
tr_d1_ltb_PE0[*],out,0,51,49,0,30,70,Loose
tr_d1_ltb_PE1[*],out,0,51,49,0,33,67,Loose
tr_dp_c_PE0[*],out,0,34,66,0,27,73,Loose
tr_dp_c_PE1[*],out,0,34,66,0,31,69,Loose
tr_dr_c_PE0[*],out,0,43,57,0,24,76,Loose
tr_dr_c_PE1[*],out,0,43,57,0,26,74,Loose
tr_ip_c_PE0[*],out,0,34,66,0,27,73,Loose
tr_ip_c_PE1[*],out,0,34,66,0,23,77,Loose
tr_ir_c_PE0[*],out,0,34,66,0,30,70,Loose
tr_ir_c_PE1[*],out,0,34,66,0,30,70,Loose
tr_req_ltb[*],out,0,51,49,0,40,60,Loose
tr_req_ltb_PE0[*],out,0,51,49,0,37,63,Loose
tr_req_ltb_PE1[*],out,0,51,49,0,36,64,Loose
tr_seq_c_PE0,out,0,43,57,0,28,72,Loose
tr_seq_c_PE1,out,0,43,57,0,26,74,Loose
tr_stamp_req,in,41,59,0,73,27,0,Loose
tr_stamp_req_PE0,in,70,30,0,86,14,0,Loose
tr_stamp_req_PE1,in,70,30,0,85,15,0,Loose
tr_stamp_reqid[*],in,70,30,0,89,11,0,Loose
tr_stamp_reqid_PE0[*],in,70,30,0,92,8,0,Loose
tr_stamp_reqid_PE1[*],in,70,30,0,92,8,0,Loose
trc_MemAddr0_PE0[*],out,0,47,53,0,23,77,Loose
trc_MemAddr0_PE1[*],out,0,47,53,0,24,76,Loose
trc_MemAddr1_PE0[*],out,0,47,53,0,19,81,Loose
trc_MemAddr1_PE1[*],out,0,47,53,0,20,80,Loose
trc_MemData0_PE0[*],out,0,51,49,0,28,72,Loose
trc_MemData0_PE1[*],out,0,51,49,0,29,71,Loose
trc_MemData1_PE0[*],out,0,51,49,0,23,77,Loose
trc_MemData1_PE1[*],out,0,51,49,0,31,69,Loose
trc_MemSize0_PE0[*],out,0,47,53,0,27,73,Loose
trc_MemSize0_PE1[*],out,0,47,53,0,29,71,Loose
trc_MemSize1_PE0[*],out,0,47,53,0,29,71,Loose
trc_MemSize1_PE1[*],out,0,47,53,0,28,72,Loose
trc_MemType0_PE0[*],out,0,43,57,0,22,78,Loose
trc_MemType0_PE1[*],out,0,43,57,0,26,74,Loose
trc_MemType1_PE0[*],out,0,43,57,0,24,76,Loose
trc_MemType1_PE1[*],out,0,43,57,0,24,76,Loose
trc_MemVld0_PE0,out,0,51,49,0,40,60,Loose
trc_MemVld0_PE1,out,0,51,49,0,32,68,Loose
trc_MemVld1_PE0,out,0,51,49,0,39,61,Loose
trc_MemVld1_PE1,out,0,51,49,0,37,63,Loose
trcframc_opmode_PE0,out,0,30,70,0,19,81,Loose
trcframc_opmode_PE1,out,0,30,70,0,19,81,Loose
trm_brkreq_PE0,in,70,30,0,72,28,0,Loose
trm_brkreq_PE1,in,70,30,0,75,28,0,Loose
