@@@ DIR,,,,,,,
% Working,.,,,,,,
% RPT,RPT,,,,,,
% LOG,log,,,,,,
,,,,,,,
@@@ PHASE,,,,,,,
@ INIT,,,,,,,
init_design.sum,,,,,,,
init_design/pod.summary.gz,,,,,,,
init_design*.log,,,,,,,
@ POD,,,,,,,
pod.sum,,,,,,,
pod/pod.summary.gz,,,,,,,
pod/pod_hold.summary.gz,,,,,,,
place_opt_design*.log,,,,,,,
@ COD,,,,,,,
cod.sum,,,,,,,
cod/cod.summary.gz,,,,,,,
cod/cod_hold.summary.gz,,,,,,,
ccopt_design*.log,,,,,,,
cod_clock_trees.rpt,,,,,,,
cod_skew_groups.rpt,,,,,,,
@ ROUTE,,,,,,,
rod.sum,,,,,,,
rod/rod.summary.gz,,,,,,,
rod/rod_hold.summary.gz,,,,,,,
route_design*.log,,,,,,,
@ PROD,,,,,,,
prod.sum,,,,,,,
prod/prod.summary.gz,,,,,,,
prod/prod_hold.summary.gz,,,,,,,
postroute_design*.log,,,,,,,
,,,,,,,
@@@ FFORMAT,,,,,,,
### Repor type,### file_name pattern,,,,,,
% TIM_SETUP,\.summary\.gz,,,,,,
% TIM_HOLD,_hold\.summary\.gz,,,,,,
% SUM,\.sum$,,,,,,
% LOG,\.log$,,,,,,
% RPT,\.rpt$,,,,,,
% CLOCK_TREE,clock_trees\.rpt,,,,,,
% SKEWGROUP,skew_groups\.rpt,,,,,,
,,,,,,,
@@@ INT_GROUP_NAME,,,,,,,
reg2reg,,,,,,,
mem2reg,,,,,,,
reg2icg,,,,,,,
reg2mem,,,,,,,
,,,,,,,
@@@ SEARCH,,,,,,,
### KEY,### FFORMAT,### ignore,### spliter,### select,### filter,### byrow,### PATTERN matching
@@ QOR_TBL,,,,,,,
% analysisView,TIM_SETUP,[|],\s+,0,0,1,\w@\w
% uncertainty,,,,,,,
% Area_std,SUM,,\s+,7,7,0,Total area of Standard cells\(Subtracting Physical Cells\)
% Area_macro,SUM,,\s+,4,4,0,Total area of Macros
% Area_total,SUM,,\s+,4,4,0,Total area of Chip:
% Std_Area_increse_ratio,,,,,,,
% NumOfInst,SUM,,\s+,2,2,0,# Instances:
% net_length,SUM,,\s+,3,3,0,Total wire length
% length_per_net,SUM,,\s+,3,3,0,Average wire length\/net:
% Util,SUM,,\s+,2,2,0,Effective Utilization:
% All_WNS,TIM_SETUP,[|],\s+,2,2..50,0,WNS \(ns\):
% Internal_WNS,,,,,,,
% All_TNS,TIM_SETUP,[|],\s+,2,2..50,0,TNS \(ns\):
% Internal_TNS,,,,,,,
% NVE,TIM_SETUP,[|],\s+,2,2..50,0,Violating Paths:
% HWNS,TIM_HOLD,[|],\s+,2,2..50,0,WNS \(ns\):
% HTNS,TIM_HOLD,[|],\s+,2,2..50,0,TNS \(ns\):
% HNVE,TIM_HOLD,[|],\s+,2,2..50,0,Violating Paths:
% LDRC_cap,TIM_SETUP,[|],\s+,4,4,0,max_cap
% LDRC_tran,TIM_SETUP,[|],\s+,4,4,0,max_tran
% RDRC,LOG,,\s+,6,6,0,Total number of DRC violations
% Routing_Overflow,TIM_SETUP,[|],\s+,2..6,2..6,0,Routing Overflow:
% THH,LOG,,\s+,1,1,0,^THH\s|^\*?BWP7T40P140HVT\s
% TSH,LOG,,\s+,1,1,0,^TSH\s|^\*?BWP7T40P140\s
% TUL,LOG,,\s+,1,1,0,^TUL\s|^\*?BWP7T40P140ULVT\s
% TWH,LOG,,\s+,1,1,0,^TWH\s
% THH_ratio,LOG,,\s+,3,3,0,^THH\s|^\*?BWP7T40P140HVT\s
% TSH_ratio,LOG,,\s+,3,3,0,^TSH\s|^\*?BWP7T40P140\s
% TUL_ratio,LOG,,\s+,3,3,0,^TUL\s|^\*?BWP7T40P140ULVT\s
% TWH_ratio,LOG,,\s+,3,3,0,^TWH\s
% Leak,LOG,,\s+,3,3,0,Total Leakage Power:
% Duration,LOG,real=,\s+,4,4,0,--- Ending "Innovus"
% Memory,LOG,mem=|M\),\s+,5,5,0,--- Ending "Innovus"
% MACHINE,LOG,,\s+,1,1,0,Host:
% Note,LOG,,\s+,7 8,7 8,0,LSF:
@@ CLOCK_AREA_TBL,,,,,,,
% ClockAreaBuffers,CLOCK_TREE,,\s+,2,2,0,^Cell type#@@@#^Buffers
% ClockAreaInverters,CLOCK_TREE,,\s+,2,2,0,^Cell type#@@@#^Inverters
% ClockAreaGates,CLOCK_TREE,,\s+,4,4,0,^Cell type#@@@#^Integrated Clock Gates
% ClockAreaLogic,CLOCK_TREE,,\s+,3,3,0,^Cell type#@@@#^Clock Logic
% WirelengthTrunk,CLOCK_TREE,,\s+,1,1,0,^Clock DAG wire lengths#@@@#^Trunk
% WirelengthLeaf,CLOCK_TREE,,\s+,1,1,0,^Clock DAG wire lengths#@@@#^Leaf
% capacitanceWirengate,CLOCK_TREE,,\s+,1,1,0,^Clock DAG capacitances#@@@#^Total
% TotalclockgateBf,LOG,,\s+,3,3,0,Clock gate merging summary:#@@@#Total clock gates
% TotalclockgateAf,LOG,,\s+,4,4,0,Clock gate merging summary:#@@@#Actually merged clock gates
@@ INTERNAL_TNS_TBL,,,,,,,
% InternalGroupTNS,,,,,,,
@@ GROUP_PATH_TBL,,,,,,,
% GroupPath,TIM_SETUP,[|],\s+,2..50,2..50,0,Setup mode
@@ SKEWGROUP_TBL,,,,,,,
% SkewGroup,SKEWGROUP,^\w.*\.late\s|computed,\s+,0 2 3 4 7 8,0..20,1,%


###% Density,TIM_SETUP,[|],\s+,1,1,0,Density:
